Benchmarks,train_mse,train_r2
mmbench_en,0.06659343444878353,0.49444571164427586
mme,0.058677236948649986,0.5139228663416859
mmmu_val,0.06426680595269624,0.4045885639422033
ok_vqa,0.07768808745834263,0.4903265545731784
textvqa_val,0.05783023551270853,0.6785183667434824
vizwiz_vqa_val,0.0644204898959162,0.48461381302990225
scienceqa_img,0.043264729979261556,0.6348685052235223
seed_image,0.06858326786810023,0.5331946930771188
