Benchmarks,train_mse,train_r2
mmbench_en,0.03301501743970612,0.749361423015068
mme,0.033145943624544885,0.7254218823643923
mmmu_val,0.03162825567757184,0.7069743103952073
ok_vqa,0.02422619882123714,0.8410637894846362
textvqa_val,0.023678299590031683,0.8683709592836137
vizwiz_vqa_val,0.026625141579633735,0.786989664027123
scienceqa_img,0.0313166592922634,0.7357039180812894
seed_image,0.037261960238534404,0.7463801109747401
