Benchmarks,train_mse,train_r2
mmbench_en,0.02238635766123463,0.8300505266024927
mme,0.017786272456599465,0.8526600640426271
mmmu_val,0.049083363742371815,0.5452583077817219
ok_vqa,0.030189029253557268,0.8019445830481783
textvqa_val,0.04767193467528098,0.7349889502604663
vizwiz_vqa_val,0.05308525482734354,0.5752996117538847
scienceqa_img,0.02470616710285379,0.7914929844983072
seed_image,0.02279532521278258,0.8448458477828052
