Benchmarks,train_mse,train_r2
mmbench_en,0.004821535595212232,0.9633965717972691
mme,0.0031872236109660706,0.9735973164772181
mmmu_val,0.01778644641968088,0.8352142533285032
ok_vqa,0.006985228452589457,0.954173341512188
textvqa_val,0.0174844582410844,0.9028028825731834
vizwiz_vqa_val,0.024528973690739562,0.8037597317067048
scienceqa_img,0.015789783157567443,0.8667425607583219
seed_image,0.009180571046359786,0.9375133408156451
