Benchmarks,train_mse,train_r2
mmbench_en,0.0711030317356932,0.46021041103205207
mme,0.06289426568655493,0.4789893666053333
mmmu_val,0.08421802436230846,0.21974689601936193
ok_vqa,0.08382355111177262,0.45007478622823793
textvqa_val,0.1561697514195695,0.1318432943162653
vizwiz_vqa_val,0.10549401820235244,0.15601138896475242
scienceqa_img,0.0864461295299365,0.2704402752996111
seed_image,0.07998392977027026,0.45559720255506353
