Benchmarks,train_mse,train_r2
mmbench_en,0.060492360403207504,0.5407629525682136
mme,0.0424995290297255,0.6479375934031166
mmmu_val,0.06917182386858217,0.3591451391773799
ok_vqa,0.07334145236379606,0.5188426959421959
textvqa_val,0.14179893158592768,0.21173151525112688
vizwiz_vqa_val,0.10438934701564179,0.16484914030278786
scienceqa_img,0.06784598604271451,0.42741567299195204
seed_image,0.06337277036877745,0.5686594348428519
