Benchmarks,train_mse,train_r2
mmbench_en,0.1118011750964017,0.151244203260528
mme,0.06906224177220135,0.42789438851684947
mmmu_val,0.06013768448355693,0.4428435558801398
ok_vqa,0.04476996010682956,0.7062862458609949
textvqa_val,0.11057700032580739,0.3852960419375251
vizwiz_vqa_val,0.07796250245671864,0.37627303156596636
scienceqa_img,0.0916794346102238,0.22627394148676672
seed_image,0.07077025493827672,0.5183091794195674
