Benchmarks,train_mse,train_r2
mmbench_en,0.12583617644441827,0.04469533433223738
mme,0.12046214115957353,0.0021020870421900595
mmmu_val,0.10458570595290043,0.031046829705991263
ok_vqa,0.1456498429055381,0.04446280390998092
textvqa_val,0.17526787445832614,0.02567572068976387
vizwiz_vqa_val,0.12070550727921597,0.034314218295471655
scienceqa_img,0.10521261426546771,0.11206104523232507
seed_image,0.14303221942069572,0.026465183680839166
